seed,mode,avg_travel_time,total_system_travel_time,total_wait_time,collision_count,emergency_brake_count,throughput,towed_count
1,baseline,425.04388133498145,4638719,104296645.0,17,727,5625,771
1,treatment,469.3620204153467,3768146,61076739.0,14,948,5794,112
2,baseline,420.03456651718983,4037608,75450058.0,28,857,5885,533
2,treatment,451.10697512610886,3545773,51917515.0,25,835,5878,129
3,baseline,444.70199041651307,3980606,67323810.0,28,815,5787,361
3,treatment,470.5673076923077,3816276,63154927.0,24,904,5747,131
4,baseline,415.0176529588766,4537134,109080145.0,16,700,5656,671
4,treatment,458.1255208333333,3603809,51893483.0,22,842,5888,128
5,baseline,413.0435758369179,4014058,80280767.0,35,706,5851,504
5,treatment,440.9403637635537,3578466,56311514.0,16,840,5887,169
